{"cameraMode":{"drawMode":0,"name":"Shaded","section":"Shading Mode"},"sceneLighting":true,"audioPlay":false,"sceneViewState":{"showFog":true,"showMaterialUpdate":false,"showSkybox":true,"showFlares":true,"showImageEffects":true,"showParticleSystems":true},"in2DMode":false,"pivot":{"x":4.416962146759033,"y":10.066530227661133,"z":-27.833545684814454},"rotation":{"x":-0.2900790572166443,"y":0.0020073908381164076,"z":-0.0006083223270252347,"w":-0.9570004343986511},"size":4.7220892906188969,"orthographic":false}