{"cameraMode":{"drawMode":0,"name":"Shaded","section":"Shading Mode"},"sceneLighting":true,"audioPlay":false,"sceneViewState":{"showFog":true,"showMaterialUpdate":false,"showSkybox":true,"showFlares":true,"showImageEffects":true,"showParticleSystems":true},"in2DMode":false,"pivot":{"x":4.940000057220459,"y":1.2999999523162842,"z":8.5600004196167},"rotation":{"x":-0.2595115005970001,"y":0.6385781168937683,"z":-0.24277867376804353,"w":-0.682590901851654},"size":4.041658401489258,"orthographic":false}