{"cameraMode":{"drawMode":0,"name":"Shaded","section":"Shading Mode"},"sceneLighting":false,"audioPlay":false,"sceneViewState":{"showFog":true,"showMaterialUpdate":false,"showSkybox":true,"showFlares":true,"showImageEffects":true,"showParticleSystems":true},"in2DMode":false,"pivot":{"x":0.000807642936706543,"y":0.8278669118881226,"z":-0.05991220474243164},"rotation":{"x":-0.15647877752780915,"y":0.20924171805381776,"z":-0.033941227942705157,"w":-0.9646658897399902},"size":4.088435173034668,"orthographic":false}