{"cameraMode":{"drawMode":0,"name":"Shaded","section":"Shading Mode"},"sceneLighting":true,"audioPlay":false,"sceneViewState":{"showFog":true,"showMaterialUpdate":false,"showSkybox":true,"showFlares":true,"showImageEffects":true,"showParticleSystems":true},"in2DMode":false,"pivot":{"x":10.376357078552246,"y":7.760833740234375,"z":-0.20848560333251954},"rotation":{"x":-0.5250421166419983,"y":-0.28791558742523196,"z":0.19457781314849854,"w":-0.7769008874893189},"size":35.976409912109378,"orthographic":false}