{"cameraMode":{"drawMode":0,"name":"Shaded","section":"Shading Mode"},"sceneLighting":true,"audioPlay":false,"sceneViewState":{"showFog":true,"showMaterialUpdate":false,"showSkybox":true,"showFlares":true,"showImageEffects":true,"showParticleSystems":true},"in2DMode":false,"pivot":{"x":48.646202087402347,"y":1.0833334922790528,"z":74.04673767089844},"rotation":{"x":-0.17366911470890046,"y":0.7210968136787415,"z":-0.19515873491764069,"w":-0.6416943073272705},"size":19.831146240234376,"orthographic":false}