{"cameraMode":{"drawMode":0,"name":"Shaded","section":"Shading Mode"},"sceneLighting":true,"audioPlay":false,"sceneViewState":{"showFog":true,"showMaterialUpdate":false,"showSkybox":true,"showFlares":true,"showImageEffects":true,"showParticleSystems":true},"in2DMode":false,"pivot":{"x":59.4577751159668,"y":21.68553924560547,"z":63.96928405761719},"rotation":{"x":-0.08115843683481217,"y":0.8874091506004334,"z":-0.1714116632938385,"w":-0.42016229033470156},"size":-15.754855155944825,"orthographic":false}