{"cameraMode":{"drawMode":0,"name":"Shaded","section":"Shading Mode"},"sceneLighting":true,"audioPlay":false,"sceneViewState":{"showFog":true,"showMaterialUpdate":false,"showSkybox":true,"showFlares":true,"showImageEffects":true,"showParticleSystems":true},"in2DMode":false,"pivot":{"x":25.331398010253908,"y":-9.27349853515625,"z":-166.20497131347657},"rotation":{"x":-0.4033176302909851,"y":0.2357526421546936,"z":-0.10835634171962738,"w":-0.8775047659873962},"size":605.488037109375,"orthographic":false}