{"cameraMode":{"drawMode":0,"name":"Shaded","section":"Shading Mode"},"sceneLighting":true,"audioPlay":false,"sceneViewState":{"showFog":true,"showMaterialUpdate":false,"showSkybox":true,"showFlares":true,"showImageEffects":true,"showParticleSystems":true},"in2DMode":false,"pivot":{"x":0.0017635822296142579,"y":1.0017056465148926,"z":0.0},"rotation":{"x":-0.4324794113636017,"y":-0.12322703748941422,"z":0.05980067700147629,"w":-0.8911793231964111},"size":9.102707862854004,"orthographic":false}