{"cameraMode":{"drawMode":0,"name":"Shaded","section":"Shading Mode"},"sceneLighting":true,"audioPlay":false,"sceneViewState":{"showFog":true,"showMaterialUpdate":false,"showSkybox":true,"showFlares":true,"showImageEffects":true,"showParticleSystems":true},"in2DMode":false,"pivot":{"x":2.639389991760254,"y":-2.6958565711975099,"z":8.683073043823243},"rotation":{"x":-0.1837213635444641,"y":-0.02005380019545555,"z":0.003748989198356867,"w":-0.9827666282653809},"size":16.22852897644043,"orthographic":false}